REC,region,Link
REC0125,North Island - Central Coast,https://www.sitesandtrailsbc.ca/resource/REC0125
REC0144,Campbell River,https://www.sitesandtrailsbc.ca/resource/REC0144
REC0146,North Island - Central Coast,https://www.sitesandtrailsbc.ca/resource/REC0146
REC0149,North Island - Central Coast,https://www.sitesandtrailsbc.ca/resource/REC0149
REC0150,North Island - Central Coast,https://www.sitesandtrailsbc.ca/resource/REC0150
REC0156,Campbell River,https://www.sitesandtrailsbc.ca/resource/REC0156
REC0158,Campbell River,https://www.sitesandtrailsbc.ca/resource/REC0158
REC0159,Campbell River,https://www.sitesandtrailsbc.ca/resource/REC0159
REC0160,Campbell River,https://www.sitesandtrailsbc.ca/resource/REC0160
REC0162,Campbell River,https://www.sitesandtrailsbc.ca/resource/REC0162
REC0163,Campbell River,https://www.sitesandtrailsbc.ca/resource/REC0163
REC0165,Campbell River,https://www.sitesandtrailsbc.ca/resource/REC0165
REC0166,Campbell River,https://www.sitesandtrailsbc.ca/resource/REC0166
REC0167,Campbell River,https://www.sitesandtrailsbc.ca/resource/REC0167
REC0171,Campbell River,https://www.sitesandtrailsbc.ca/resource/REC0171
REC0172,Campbell River,https://www.sitesandtrailsbc.ca/resource/REC0172
REC0173,Campbell River,https://www.sitesandtrailsbc.ca/resource/REC0173
REC0174,Campbell River,https://www.sitesandtrailsbc.ca/resource/REC0174
REC0175,Campbell River,https://www.sitesandtrailsbc.ca/resource/REC0175
REC0177,Campbell River,https://www.sitesandtrailsbc.ca/resource/REC0177
REC0178,Campbell River,https://www.sitesandtrailsbc.ca/resource/REC0178
REC0179,Campbell River,https://www.sitesandtrailsbc.ca/resource/REC0179
REC0180,Campbell River,https://www.sitesandtrailsbc.ca/resource/REC0180
REC0181,Campbell River,https://www.sitesandtrailsbc.ca/resource/REC0181
REC0182,Campbell River,https://www.sitesandtrailsbc.ca/resource/REC0182
REC0184,Campbell River,https://www.sitesandtrailsbc.ca/resource/REC0184
REC0185,Campbell River,https://www.sitesandtrailsbc.ca/resource/REC0185
REC0186,Campbell River,https://www.sitesandtrailsbc.ca/resource/REC0186
REC0187,Campbell River,https://www.sitesandtrailsbc.ca/resource/REC0187
REC0188,Campbell River,https://www.sitesandtrailsbc.ca/resource/REC0188
REC0190,Campbell River,https://www.sitesandtrailsbc.ca/resource/REC0190
REC0191,Campbell River,https://www.sitesandtrailsbc.ca/resource/REC0191
REC0195,Campbell River,https://www.sitesandtrailsbc.ca/resource/REC0195
REC0196,Campbell River,https://www.sitesandtrailsbc.ca/resource/REC0196
REC0197,Campbell River,https://www.sitesandtrailsbc.ca/resource/REC0197
REC0202,South Island,https://www.sitesandtrailsbc.ca/resource/REC0202
REC0205,South Island,https://www.sitesandtrailsbc.ca/resource/REC0205
REC0206,South Island,https://www.sitesandtrailsbc.ca/resource/REC0206
REC0208,South Island,https://www.sitesandtrailsbc.ca/resource/REC0208
REC0209,South Island,https://www.sitesandtrailsbc.ca/resource/REC0209
REC0211,South Island,https://www.sitesandtrailsbc.ca/resource/REC0211
REC0214,South Island,https://www.sitesandtrailsbc.ca/resource/REC0214
REC0242,North Island - Central Coast,https://www.sitesandtrailsbc.ca/resource/REC0242
REC0248,Campbell River,https://www.sitesandtrailsbc.ca/resource/REC0248
REC0258,Campbell River,https://www.sitesandtrailsbc.ca/resource/REC0258
REC0268,South Island,https://www.sitesandtrailsbc.ca/resource/REC0268
REC0269,South Island,https://www.sitesandtrailsbc.ca/resource/REC0269
REC0270,South Island,https://www.sitesandtrailsbc.ca/resource/REC0270
REC0271,South Island,https://www.sitesandtrailsbc.ca/resource/REC0271
REC0272,South Island,https://www.sitesandtrailsbc.ca/resource/REC0272
REC0276,Campbell River,https://www.sitesandtrailsbc.ca/resource/REC0276
REC0282,South Island,https://www.sitesandtrailsbc.ca/resource/REC0282
REC0296,North Island - Central Coast,https://www.sitesandtrailsbc.ca/resource/REC0296
REC0297,Campbell River,https://www.sitesandtrailsbc.ca/resource/REC0297
REC0300,Campbell River,https://www.sitesandtrailsbc.ca/resource/REC0300
REC0303,Campbell River,https://www.sitesandtrailsbc.ca/resource/REC0303
REC0306,North Island - Central Coast,https://www.sitesandtrailsbc.ca/resource/REC0306
REC0429,Campbell River,https://www.sitesandtrailsbc.ca/resource/REC0429
REC0467,South Island,https://www.sitesandtrailsbc.ca/resource/REC0467
REC0468,South Island,https://www.sitesandtrailsbc.ca/resource/REC0468
REC0471,Campbell River,https://www.sitesandtrailsbc.ca/resource/REC0471
REC0472,Campbell River,https://www.sitesandtrailsbc.ca/resource/REC0472
REC0475,North Island - Central Coast,https://www.sitesandtrailsbc.ca/resource/REC0475
REC0496,Campbell River,https://www.sitesandtrailsbc.ca/resource/REC0496
REC3030,North Island - Central Coast,https://www.sitesandtrailsbc.ca/resource/REC3030
REC3041,Campbell River,https://www.sitesandtrailsbc.ca/resource/REC3041
REC3046,Campbell River,https://www.sitesandtrailsbc.ca/resource/REC3046
REC3052,North Island - Central Coast,https://www.sitesandtrailsbc.ca/resource/REC3052
REC3054,Campbell River,https://www.sitesandtrailsbc.ca/resource/REC3054
REC3055,Campbell River,https://www.sitesandtrailsbc.ca/resource/REC3055
REC3056,Campbell River,https://www.sitesandtrailsbc.ca/resource/REC3056
REC3057,South Island,https://www.sitesandtrailsbc.ca/resource/REC3057
REC3067,Campbell River,https://www.sitesandtrailsbc.ca/resource/REC3067
REC3068,South Island,https://www.sitesandtrailsbc.ca/resource/REC3068
REC3099,Campbell River,https://www.sitesandtrailsbc.ca/resource/REC3099
REC3104,Campbell River,https://www.sitesandtrailsbc.ca/resource/REC3104
REC3128,South Island,https://www.sitesandtrailsbc.ca/resource/REC3128
REC3129,South Island,https://www.sitesandtrailsbc.ca/resource/REC3129
REC3130,South Island,https://www.sitesandtrailsbc.ca/resource/REC3130
REC3131,South Island,https://www.sitesandtrailsbc.ca/resource/REC3131
REC3189,North Island - Central Coast,https://www.sitesandtrailsbc.ca/resource/REC3189
REC3198,North Island - Central Coast,https://www.sitesandtrailsbc.ca/resource/REC3198
REC3199,North Island - Central Coast,https://www.sitesandtrailsbc.ca/resource/REC3199
REC3201,North Island - Central Coast,https://www.sitesandtrailsbc.ca/resource/REC3201
REC3202,North Island - Central Coast,https://www.sitesandtrailsbc.ca/resource/REC3202
REC3204,North Island - Central Coast,https://www.sitesandtrailsbc.ca/resource/REC3204
REC3237,Campbell River,https://www.sitesandtrailsbc.ca/resource/REC3237
REC3295,South Island,https://www.sitesandtrailsbc.ca/resource/REC3295
REC5600,South Island,https://www.sitesandtrailsbc.ca/resource/REC5600
REC5645,Campbell River,https://www.sitesandtrailsbc.ca/resource/REC5645
REC5670,Campbell River,https://www.sitesandtrailsbc.ca/resource/REC5670
REC5671,Campbell River,https://www.sitesandtrailsbc.ca/resource/REC5671
REC5712,North Island - Central Coast,https://www.sitesandtrailsbc.ca/resource/REC5712
REC5735,Campbell River,https://www.sitesandtrailsbc.ca/resource/REC5735
REC5750,South Island,https://www.sitesandtrailsbc.ca/resource/REC5750
REC5752,South Island,https://www.sitesandtrailsbc.ca/resource/REC5752
REC5810,Campbell River,https://www.sitesandtrailsbc.ca/resource/REC5810
REC5825,Campbell River,https://www.sitesandtrailsbc.ca/resource/REC5825
REC5832,Campbell River,https://www.sitesandtrailsbc.ca/resource/REC5832
REC5894,North Island - Central Coast,https://www.sitesandtrailsbc.ca/resource/REC5894
REC5896,North Island - Central Coast,https://www.sitesandtrailsbc.ca/resource/REC5896
REC5899,North Island - Central Coast,https://www.sitesandtrailsbc.ca/resource/REC5899
REC5912,South Island,https://www.sitesandtrailsbc.ca/resource/REC5912
REC5940,South Island,https://www.sitesandtrailsbc.ca/resource/REC5940
REC5978,North Island - Central Coast,https://www.sitesandtrailsbc.ca/resource/REC5978
REC6166,Campbell River,https://www.sitesandtrailsbc.ca/resource/REC6166
REC6322,Campbell River,https://www.sitesandtrailsbc.ca/resource/REC6322
REC6325,Campbell River,https://www.sitesandtrailsbc.ca/resource/REC6325
REC6344,Campbell River,https://www.sitesandtrailsbc.ca/resource/REC6344
REC6356,Campbell River,https://www.sitesandtrailsbc.ca/resource/REC6356
REC6392,South Island,https://www.sitesandtrailsbc.ca/resource/REC6392
REC6393,South Island,https://www.sitesandtrailsbc.ca/resource/REC6393
REC6400,South Island,https://www.sitesandtrailsbc.ca/resource/REC6400
REC6407,South Island,https://www.sitesandtrailsbc.ca/resource/REC6407
REC6423,Campbell River,https://www.sitesandtrailsbc.ca/resource/REC6423
REC6433,Campbell River,https://www.sitesandtrailsbc.ca/resource/REC6433
REC6444,Campbell River,https://www.sitesandtrailsbc.ca/resource/REC6444
REC6446,Campbell River,https://www.sitesandtrailsbc.ca/resource/REC6446
REC6450,Campbell River,https://www.sitesandtrailsbc.ca/resource/REC6450
REC6551,Campbell River,https://www.sitesandtrailsbc.ca/resource/REC6551
REC6553,Campbell River,https://www.sitesandtrailsbc.ca/resource/REC6553
REC6601,South Island,https://www.sitesandtrailsbc.ca/resource/REC6601
REC6602,South Island,https://www.sitesandtrailsbc.ca/resource/REC6602
REC6605,South Island,https://www.sitesandtrailsbc.ca/resource/REC6605
REC6622,Campbell River,https://www.sitesandtrailsbc.ca/resource/REC6622
REC6745,Campbell River,https://www.sitesandtrailsbc.ca/resource/REC6745
REC6754,Campbell River,https://www.sitesandtrailsbc.ca/resource/REC6754
REC6765,Campbell River,https://www.sitesandtrailsbc.ca/resource/REC6765
REC6787,Campbell River,https://www.sitesandtrailsbc.ca/resource/REC6787
REC6788,Campbell River,https://www.sitesandtrailsbc.ca/resource/REC6788
REC6800,South Island,https://www.sitesandtrailsbc.ca/resource/REC6800
REC6851,South Island,https://www.sitesandtrailsbc.ca/resource/REC6851
REC6852,South Island,https://www.sitesandtrailsbc.ca/resource/REC6852
REC16044,North Island - Central Coast,https://www.sitesandtrailsbc.ca/resource/REC16044
REC16046,North Island - Central Coast,https://www.sitesandtrailsbc.ca/resource/REC16046
REC16067,North Island - Central Coast,https://www.sitesandtrailsbc.ca/resource/REC16067
REC16068,Campbell River,https://www.sitesandtrailsbc.ca/resource/REC16068
REC16069,Campbell River,https://www.sitesandtrailsbc.ca/resource/REC16069
REC16077,North Island - Central Coast,https://www.sitesandtrailsbc.ca/resource/REC16077
REC16078,North Island - Central Coast,https://www.sitesandtrailsbc.ca/resource/REC16078
REC16081,North Island - Central Coast,https://www.sitesandtrailsbc.ca/resource/REC16081
REC16084,North Island - Central Coast,https://www.sitesandtrailsbc.ca/resource/REC16084
REC16198,Campbell River,https://www.sitesandtrailsbc.ca/resource/REC16198
REC31913,Campbell River,https://www.sitesandtrailsbc.ca/resource/REC31913
REC107043,South Island,https://www.sitesandtrailsbc.ca/resource/REC107043
REC135970,North Island - Central Coast,https://www.sitesandtrailsbc.ca/resource/REC135970
REC135981,North Island - Central Coast,https://www.sitesandtrailsbc.ca/resource/REC135981
REC160442,North Island - Central Coast,https://www.sitesandtrailsbc.ca/resource/REC160442
REC160879,South Island,https://www.sitesandtrailsbc.ca/resource/REC160879
REC163931,South Island,https://www.sitesandtrailsbc.ca/resource/REC163931
REC166770,South Island,https://www.sitesandtrailsbc.ca/resource/REC166770
REC169767,Campbell River,https://www.sitesandtrailsbc.ca/resource/REC169767
REC191957,Campbell River,https://www.sitesandtrailsbc.ca/resource/REC191957
REC202159,South Island,https://www.sitesandtrailsbc.ca/resource/REC202159
REC202933,North Island - Central Coast,https://www.sitesandtrailsbc.ca/resource/REC202933
REC204456,Campbell River,https://www.sitesandtrailsbc.ca/resource/REC204456
REC204459,Campbell River,https://www.sitesandtrailsbc.ca/resource/REC204459
REC204461,Campbell River,https://www.sitesandtrailsbc.ca/resource/REC204461
REC204463,Campbell River,https://www.sitesandtrailsbc.ca/resource/REC204463
REC204497,South Island,https://www.sitesandtrailsbc.ca/resource/REC204497
REC204557,South Island,https://www.sitesandtrailsbc.ca/resource/REC204557
REC204816,South Island,https://www.sitesandtrailsbc.ca/resource/REC204816
REC205026,Campbell River,https://www.sitesandtrailsbc.ca/resource/REC205026
REC205308,South Island,https://www.sitesandtrailsbc.ca/resource/REC205308
REC205630,South Island,https://www.sitesandtrailsbc.ca/resource/REC205630
REC206138,Campbell River,https://www.sitesandtrailsbc.ca/resource/REC206138
